meanx,stdX
0.43625035245991867,0.29346189819412055
